country,country_code,continent,year,iwi,literacy,gov_edu_exp,secondary_enrol
Kazakhstan,KAZ,Asia/Pacific,1999,66.8,100.0,3.89257001876831,91.8715896606445
Kyrgyzstan,KGZ,Asia/Pacific,1999,58.3,99.0,4.0852198600769,80.8123092651367
Vietnam,VNM,Asia/Pacific,1999,41.1,90.0,,
Zambia,ZMB,Africa,1999,19.8,68.0,1.77495002746582,
Brazil,BRA,America,2000,70.9,86.0,3.94893002510071,
Cameroon,CMR,Africa,2000,24.2,68.0,1.70284998416901,27.9761600494385
Central African Republic CAR,CAF,Africa,2000,14.4,51.0,1.61265003681183,
Chad,TCD,Africa,2000,8.59,26.0,2.64670991897583,11.2949104309082
China,CHN,Asia/Pacific,2000,62.3,91.0,,59.2292213439941
Comoros,COM,Africa,2000,31.6,68.0,,
Cote d'Ivoire,CIV,Africa,2000,33.5,49.0,2.40031003952026,
Equatorial Guinea,GNQ,Africa,2000,29.9,88.0,,22.06955909729
Eswatini,SWZ,Africa,2000,39.5,82.0,5.50848007202148,43.5820083618164
Gambia,GMB,Africa,2000,37.6,37.0,1.46587002277374,
Ghana,GHA,Africa,2000,28.9,58.0,,31.1098403930664
Kenya,KEN,Africa,2000,20.5,82.0,5.1867299079895,40.3647918701172
Madagascar,MDG,Africa,2000,17.3,71.0,2.4386899471283,
Mauritania,MRT,Africa,2000,17.2,51.0,,17.5795001983643
Mexico,MEX,America,2000,68.6,91.0,3.80870008468628,71.1195831298828
Myanmar,MMR,Asia/Pacific,2000,46.8,90.0,,39.0274391174316
Philippines,PHL,Asia/Pacific,2000,55.2,93.0,3.16440010070801,
Rwanda,RWA,Africa,2000,7.26,65.0,3.43418002128601,9.51360034942627
Sudan,SDN,Africa,2000,24.2,61.0,1.01217997074127,
Tajikistan,TJK,Asia/Pacific,2000,51.1,99.0,2.32871007919312,71.8780975341797
Togo,TGO,Africa,2000,25.9,53.0,2.77644991874695,32.4820518493652
Uzbekistan,UZB,Asia/Pacific,2000,61.9,99.0,,85.3468933105469
Vietnam,VNM,Asia/Pacific,2000,43.2,90.0,,
Angola,AGO,Africa,2001,23.5,67.0,,14.4628095626831
Armenia,ARM,Asia/Pacific,2001,72.4,99.0,2.46943998336792,85.9923095703125
Bangladesh,BGD,Asia/Pacific,2001,19.3,47.0,2.17193007469177,50.3141403198242
Bolivia,BOL,America,2001,48.9,87.0,,75.7862701416016
India,IND,Asia/Pacific,2001,32.4,61.0,,48.0781288146973
Namibia,NAM,Africa,2001,37.5,85.0,6.88886976242065,67.6306381225586
Nicaragua,NIC,America,2001,44.7,77.0,,55.628791809082
Niger,NER,Africa,2001,11.7,14.0,2.27981996536255,6.11352014541626
Sao Tome & Principe,STP,Africa,2001,34.5,85.0,,
Venezuela,VEN,America,2001,73.7,93.0,,63.7311592102051
Algeria,DZA,Africa,2002,71.1,70.0,,72.8870697021484
Benin,BEN,Africa,2002,25.2,35.0,2.15949010848999,24.5954608917236
Chili,CHL,America,2002,85.2,96.0,4.04881000518799,89.4216384887695
Dominican Republic,DOM,America,2002,66.0,87.0,1.9140100479126,67.816276550293
Eritrea,ERI,Africa,2002,19.1,53.0,3.52390003204346,43.2223091125488
Georgia,GEO,Asia/Pacific,2002,64.3,100.0,2.23501992225647,88.5937194824219
Guatemala,GTM,America,2002,47.9,69.0,,35.411979675293
Iran,IRN,Asia/Pacific,2002,73.6,77.0,4.48487997055054,79.6945495605469
Mexico,MEX,America,2002,70.3,90.0,4.24307012557983,75.1482925415039
North Macedonia,MKD,Europe,2002,88.6,96.0,3.30014991760254,83.9654083251953
Senegal,SEN,Africa,2002,36.6,39.0,2.59441995620728,17.3591995239258
Syria,SYR,Asia/Pacific,2002,83.1,83.0,5.26984977722168,47.2403984069824
Tanzania,TZA,Africa,2002,20.2,69.0,,
Uganda,UGA,Africa,2002,12.5,68.0,,
Zambia,ZMB,Africa,2002,18.0,69.0,,
Botswana,BWA,Africa,2003,45.6,81.0,,74.746940612793
Burkina Faso,BFA,Africa,2003,18.9,22.0,,11.3447599411011
Guinea,GIN,Africa,2003,13.8,30.0,1.62612998485565,22.8109397888184
Haiti,HTI,America,2003,23.2,59.0,,
Jordan,JOR,Asia/Pacific,2003,87.9,90.0,,83.7643737792969
Mali,MLI,Africa,2003,17.3,24.0,3.80559992790222,20.3113403320312
Montenegro,MNE,Europe,2003,87.2,98.0,,91.9459609985352
Mozambique,MOZ,Africa,2003,15.2,48.0,,
Nigeria,NGA,Africa,2003,34.2,55.0,,
Philippines,PHL,Asia/Pacific,2003,58.2,93.0,2.93517994880676,82.6391525268555
Serbia,SRB,Europe,2003,85.3,96.0,,89.3317108154297
Brazil,BRA,America,2004,77.1,89.0,3.97447991371155,
Cambodia,KHM,Asia/Pacific,2004,31.6,74.0,1.71982002258301,31.9804706573486
Chad,TCD,Africa,2004,10.3,28.0,1.59294998645782,15.658860206604
Colombia,COL,America,2004,67.8,93.0,,82.9504623413086
Ethiopia,ETH,Africa,2004,10.4,35.9000015258789,,21.0001201629639
Indonesia,IDN,Asia/Pacific,2004,52.9,90.0,2.74847006797791,63.9592704772949
Mexico,MEX,America,2004,72.0,91.0,4.51204013824463,79.7827072143555
Morocco,MAR,Africa,2004,66.7,52.0,,47.5902709960938
Peru,PER,America,2004,50.3,88.0,2.95787000656128,81.7232894897461
Suriname,SUR,America,2004,74.1,90.0,,
Syria,SYR,Asia/Pacific,2004,83.1,81.0,5.37147998809814,65.7855911254883
Turkey,TUR,Asia/Pacific,2004,76.4,87.0,,88.3136901855469
Vanuatu,VUT,Asia/Pacific,2004,38.1,78.4000015258789,,39.9716911315918
Yemen,YEM,Asia/Pacific,2004,47.1,54.0999984741211,5.5541467666626,43.4701805114746
Burkina Faso,BFA,Africa,2005,21.8,24.0,3.94113993644714,13.4484701156616
Colombia,COL,America,2005,67.9,93.0,,86.9616470336914
Congo Brazzaville,COG,Africa,2005,32.3,76.0,1.6810200214386,
Egypt,EGY,Africa,2005,80.7,67.0,4.79442977905273,
Ethiopia,ETH,Africa,2005,11.5,29.8203392028809,,23.440860748291
Iran,IRN,Asia/Pacific,2005,73.6,82.0,4.05650997161865,77.5447311401367
Jordan,JOR,Asia/Pacific,2005,88.5,91.0,,84.393669128418
Madagascar,MDG,Africa,2005,20.0,59.0,3.3096399307251,20.4441509246826
Mexico,MEX,America,2005,72.8,92.0,4.63395023345947,80.6305389404297
Nicaragua,NIC,America,2005,48.1,78.0,,66.9869766235352
Niger,NER,Africa,2005,12.4,29.0,,9.15985012054443
Pakistan,PAK,Asia/Pacific,2005,50.0,50.0,1.67058002948761,22.8122806549072
Peru,PER,America,2005,52.4,88.0,2.83903002738953,82.7753372192383
Thailand,THA,Asia/Pacific,2005,76.8,94.0,3.93859004974365,71.679573059082
Turkey,TUR,Asia/Pacific,2005,77.3,88.0,,84.943717956543
Turkmenistan,TKM,Asia/Pacific,2005,72.3,99.4000015258789,,
Algeria,DZA,Africa,2006,77.0,73.0,,83.6042022705078
Benin,BEN,Africa,2006,29.7,28.7021102905273,2.56340003013611,
Brazil,BRA,America,2006,80.1,90.0,4.87060022354126,
Burkina Faso,BFA,Africa,2006,23.3,22.0,3.98218989372253,14.2397899627685
Colombia,COL,America,2006,69.6,92.0,,90.2876663208008
Egypt,EGY,Africa,2006,81.4,66.0,4.00178003311157,
El Salvador,SLV,America,2006,63.0,84.0,3.49298000335693,67.1278762817383
Haiti,HTI,America,2006,25.3,48.6850204467773,,
India,IND,Asia/Pacific,2006,37.7,63.0,3.14284992218018,57.2240791320801
Indonesia,IDN,Asia/Pacific,2006,56.3,92.0,,65.7089309692383
Iran,IRN,Asia/Pacific,2006,73.6,82.0,4.28998994827271,78.4934921264648
Maldives,MDV,Asia/Pacific,2006,78.0,98.0,4.64523983001709,
Mali,MLI,Africa,2006,19.9,26.0,,25.9403591156006
Mexico,MEX,America,2006,73.7,92.0,4.4931697845459,82.7013931274414
Nigeria,NGA,Africa,2006,35.7,70.0,,34.4249801635742
Pakistan,PAK,Asia/Pacific,2006,51.2,54.0,1.98055994510651,27.5696792602539
Peru,PER,America,2006,54.5,89.0,2.65281009674072,85.7075805664062
Senegal,SEN,Africa,2006,41.6,42.0,3.82137989997864,24.3925895690918
Togo,TGO,Africa,2006,29.4,57.0,2.43237996101379,47.1379013061523
Turkey,TUR,Asia/Pacific,2006,78.1,88.0,,88.5527877807617
Uganda,UGA,Africa,2006,19.5,71.0,,
Uruguay,URY,America,2006,85.9,98.0,2.85664010047913,102.318283081055
Azerbaijan,AZE,Europe,2007,67.1,100.0,2.5492799282074,
Bangladesh,BGD,Asia/Pacific,2007,30.4,46.6636009216309,2.20221996307373,47.9007186889648
Bolivia,BOL,America,2007,54.7,91.0,6.72048997879028,86.0495986938477
Brazil,BRA,America,2007,81.7,90.0,4.97425985336304,
Burkina Faso,BFA,Africa,2007,24.8,28.0,4.07983016967773,15.3694496154785
Cameroon,CMR,Africa,2007,31.9,71.0,2.87815999984741,32.7429504394531
Colombia,COL,America,2007,71.3,93.0,,93.012809753418
Congo Democratic Republic,COD,Africa,2007,20.1,61.2055511474609,,34.5101585388184
Dominican Republic,DOM,America,2007,70.7,88.0,2.04678988456726,79.9215469360352
Ecuador,ECU,America,2007,71.4,92.0,,63.4471893310547
El Salvador,SLV,America,2007,63.8,82.0,3.60984992980957,66.9662094116211
Ethiopia,ETH,Africa,2007,12.9,39.0,5.45112991333008,30.3098297119141
Honduras,HND,America,2007,57.6,84.0,,59.2733383178711
Jordan,JOR,Asia/Pacific,2007,89.1,92.0,,87.7151718139648
Kenya,KEN,Africa,2007,28.5,72.1570281982422,,50.9123115539551
Liberia,LBR,Africa,2007,23.8,42.9410781860352,,
Mauritania,MRT,Africa,2007,30.8,45.5037803649902,,
Mexico,MEX,America,2007,74.5,93.0,4.47921991348267,84.0887069702148
Namibia,NAM,Africa,2007,47.2,76.4865875244141,,63.0283203125
Pakistan,PAK,Asia/Pacific,2007,52.4,52.0,2.23465991020203,29.4775695800781
Palestine,PSE,Asia/Pacific,2007,93.2,94.0,,90.7039794921875
Paraguay,PRY,America,2007,69.5,95.0,2.73951005935669,69.0033798217773
Peru,PER,America,2007,55.4,90.0,2.62940001487732,88.6508178710938
South Africa,ZAF,Africa,2007,65.1,89.0,4.4466700553894,82.5455474853516
Timor Leste,TLS,Asia/Pacific,2007,29.3,51.0,,
Turkey,TUR,Asia/Pacific,2007,79.0,89.0,,90.7344512939453
Uruguay,URY,America,2007,86.7,98.0,,92.9150619506836
Venezuela,VEN,America,2007,81.8,95.0,3.62732005119324,78.7636871337891
Zambia,ZMB,Africa,2007,24.1,61.1270904541016,1.24075996875763,
Albania,ALB,Europe,2008,84.4,96.0,3.50922608375549,87.8338394165039
Algeria,DZA,Africa,2008,79.9,75.0,4.11142015457153,80.2112808227539
Bolivia,BOL,America,2008,56.7,91.0,6.72302007675171,85.3683776855469
Brazil,BRA,America,2008,83.2,90.0,5.26883983612061,
Burundi,BDI,Africa,2008,14.9,48.0,5.19290018081665,
Cambodia,KHM,Asia/Pacific,2008,38.6,77.0,,47.020809173584
Colombia,COL,America,2008,73.0,93.0,,94.2315521240234
Ecuador,ECU,America,2008,72.2,92.0,,
El Salvador,SLV,America,2008,64.6,84.0,4.45810985565186,65.724853515625
Indonesia,IDN,Asia/Pacific,2008,59.4,92.0,2.90190005302429,71.4267272949219
Iran,IRN,Asia/Pacific,2008,73.6,83.0,3.91375994682312,81.5289993286133
Mexico,MEX,America,2008,75.4,93.0,4.60609006881714,86.0763092041016
Morocco,MAR,Africa,2008,74.4,55.0,4.85339021682739,57.8878288269043
Nigeria,NGA,Africa,2008,36.7,51.0776596069336,,34.8519096374512
Pakistan,PAK,Asia/Pacific,2008,53.7,56.0,2.27263998985291,29.6895599365234
Palestine,PSE,Asia/Pacific,2008,92.1,94.0,,89.9470062255859
Paraguay,PRY,America,2008,71.3,93.0,,70.4103469848633
Philippines,PHL,Asia/Pacific,2008,61.8,95.0,2.58282995223999,80.5744400024414
Sao Tome & Principe,STP,Africa,2008,42.1,69.5363922119141,5.5544900894165,43.5881690979004
South Sudan,SSD,Africa,2008,7.99,27.0,,
Sudan,SDN,Africa,2008,29.6,54.0,1.85150003433228,37.7534599304199
Suriname,SUR,America,2008,78.7,95.0,,71.8160705566406
Uruguay,URY,America,2008,87.4,98.0,,88.0473403930664
Azerbaijan,AZE,Europe,2009,69.1,100.0,3.22430992126465,
Belarus,BLR,Europe,2009,81.3,100.0,4.3689398765564,114.908042907715
Bolivia,BOL,America,2009,58.7,91.0,7.57486009597778,83.7523803710938
Brazil,BRA,America,2009,84.7,90.0,5.46355009078979,
Cambodia,KHM,Asia/Pacific,2009,40.3,76.0,1.66568005084991,
Colombia,COL,America,2009,74.6,93.0,,98.2700805664062
Ecuador,ECU,America,2009,73.1,92.0,4.51763010025024,85.9710388183594
El Salvador,SLV,America,2009,65.4,84.0,4.65950012207031,66.2814865112305
Guyana,GUY,America,2009,69.4,84.994010925293,2.15057992935181,90.7434616088867
Indonesia,IDN,Asia/Pacific,2009,60.8,93.0,3.52513003349304,75.8255615234375
Kazakhstan,KAZ,Asia/Pacific,2009,80.3,100.0,3.06071996688843,
Kyrgyzstan,KGZ,Asia/Pacific,2009,70.7,99.0,6.23267984390259,84.9877090454102
Lebanon,LBN,Asia/Pacific,2009,68.6,91.0,1.76570999622345,
Lesotho,LSO,Africa,2009,30.5,75.8002014160156,,48.7411193847656
Madagascar,MDG,Africa,2009,23.1,64.4809112548828,2.82512998580933,29.1144294738769
Mexico,MEX,America,2009,76.2,93.0,4.94933986663818,85.9423217773438
Morocco,MAR,Africa,2009,76.3,56.0,4.83119010925293,60.9120292663574
Mozambique,MOZ,Africa,2009,21.3,51.0,,23.7465190887451
Pakistan,PAK,Asia/Pacific,2009,55.0,55.0,2.17916011810303,29.5907192230225
Palestine,PSE,Asia/Pacific,2009,91.0,94.0,,89.799919128418
Paraguay,PRY,America,2009,73.1,94.0,,71.3650970458984
Senegal,SEN,Africa,2009,46.3,48.0,4.92073011398315,
South Africa,ZAF,Africa,2009,67.3,93.0,4.76118993759155,83.7058792114258
Togo,TGO,Africa,2009,32.7,57.0,2.76807999610901,
Turkey,TUR,Asia/Pacific,2009,81.4,91.0,3.76504969596863,80.1907424926758
Uruguay,URY,America,2009,88.2,98.0,,89.2928771972656
Venezuela,VEN,America,2009,84.6,96.0,6.87468004226685,81.3888778686523
Vietnam,VNM,Asia/Pacific,2009,66.9,94.0,4.81650018692017,
Azerbaijan,AZE,Europe,2010,70.1,100.0,2.78062009811401,83.0853181521079
Brazil,BRA,America,2010,86.3,90.0,5.64879989624023,
Cameroon,CMR,Africa,2010,37.3,71.0,2.84803009033203,44.0395081981762
Central African Republic CAR,CAF,Africa,2010,17.6,36.7526092529297,1.11760997772217,
China,CHN,Asia/Pacific,2010,61.5,95.0,3.55966520309448,91.5271835327148
Colombia,COL,America,2010,76.3,93.0,,99.9543685913086
Dominican Republic,DOM,America,2010,73.7,90.0,1.88728785514832,77.9718322753906
Ecuador,ECU,America,2010,73.9,92.0,4.60028982162476,91.5583877563477
Egypt,EGY,Africa,2010,83.4,72.0,3.54265189170837,65.257209777832
El Salvador,SLV,America,2010,66.2,84.0,4.04807996749878,67.6990127563477
Eswatini,SWZ,Africa,2010,49.7,83.0982894897461,6.11837005615234,63.5462112426758
Ghana,GHA,Africa,2010,45.1,71.0,5.54059982299805,
Guinea,GIN,Africa,2010,30.7,25.0,2.55118989944458,
Honduras,HND,America,2010,62.5,85.0,,66.0755767822266
Jordan,JOR,Asia/Pacific,2010,91.7,93.0,,87.3644409179688
Kazakhstan,KAZ,Asia/Pacific,2010,82.2,99.7816314697266,3.58735489845276,100.631418247196
Kuwait,KWT,Asia/Pacific,2010,94.6,94.0,,99.4430770874023
Malawi,MWI,Africa,2010,19.2,61.3097190856934,2.43236994743347,34.8378486633301
Malaysia,MYS,Asia/Pacific,2010,87.5,93.0,4.96645021438599,77.2356567382812
Mali,MLI,Africa,2010,27.6,31.0,3.34388995170593,37.7953300476074
Mexico,MEX,America,2010,77.1,93.0,4.93695020675659,87.2729263305664
Mongolia,MNG,Asia/Pacific,2010,58.6,98.0,4.64510011672974,92.1322174072266
Pakistan,PAK,Asia/Pacific,2010,56.2,55.0,2.05268001556396,29.8961453275523
Palestine,PSE,Asia/Pacific,2010,89.9,95.0,6.19167995452881,88.7612609863281
Panama,PAN,America,2010,75.7,94.0,,72.4545288085938
Paraguay,PRY,America,2010,75.0,94.0,2.7707200050354,73.0419769287109
Rwanda,RWA,Africa,2010,21.6,65.8522720336914,4.63126993179321,32.4029083251953
South Africa,ZAF,Africa,2010,68.4,93.0,5.13497018814087,85.1267929077148
Suriname,SUR,America,2010,81.0,95.0,,73.3080978393555
Tajikistan,TJK,Asia/Pacific,2010,62.6,99.6999969482422,4.00675010681152,85.0041198730469
Tanzania,TZA,Africa,2010,22.3,67.8006973266602,4.54169988632202,33.3581695556641
Thailand,THA,Asia/Pacific,2010,82.2,96.0,3.5084400177002,85.4706268310547
Timor Leste,TLS,Asia/Pacific,2010,35.7,58.0,11.1065797805786,67.8909270929501
Tunisia,TUN,Africa,2010,82.4,79.0,5.96306991577148,85.7978897094727
Turkey,TUR,Asia/Pacific,2010,83.0,93.0,3.7870135307312,84.2024002075195
Uganda,UGA,Africa,2010,25.3,73.0,1.72739994525909,26.3338059756956
Uruguay,URY,America,2010,88.9,98.0,,98.6642990112305
Zambia,ZMB,Africa,2010,29.0,83.0,3.41600441932678,
Afghanistan,AFG,Asia/Pacific,2011,43.6,31.0,3.4620099067688,52.198429107666
Albania,ALB,Europe,2011,85.4,97.0,3.24000835418701,95.4705276489258
Armenia,ARM,Asia/Pacific,2011,82.6,100.0,3.14385008811951,90.0805282592773
Azerbaijan,AZE,Europe,2011,71.1,100.0,2.43564009666443,82.9176205382172
Bangladesh,BGD,Asia/Pacific,2011,37.8,59.0,2.13269996643066,51.5034958279718
Bolivia,BOL,America,2011,62.8,92.0,6.45056009292603,86.1704177856445
Bosnia and Herzegovina,BIH,Europe,2011,91.3,98.1420364379883,,84.51416015625
Brazil,BRA,America,2011,87.8,91.0,5.73741006851196,
Colombia,COL,America,2011,77.6,94.0,,101.20581817627
Congo Brazzaville,COG,Africa,2011,38.0,79.3111724853516,2.64652967453003,
Costa Rica,CRI,America,2011,88.6,97.0,6.37988996505737,102.432029724121
Dominican Republic,DOM,America,2011,74.7,90.0,1.87925755977631,77.4272232055664
Ecuador,ECU,America,2011,74.8,92.0,4.74424982070923,95.6929702758789
El Salvador,SLV,America,2011,67.0,85.0,3.89854001998901,69.2876663208008
Honduras,HND,America,2011,64.1,85.0,,65.6973037719727
India,IND,Asia/Pacific,2011,45.2,69.0,3.79618000984192,68.5910110473633
Indonesia,IDN,Asia/Pacific,2011,63.7,93.0,3.18944001197815,79.5367202758789
Jordan,JOR,Asia/Pacific,2011,92.5,96.0,,87.5930404663086
Lao,LAO,Asia/Pacific,2011,59.3,58.2879409790039,1.70801997184753,47.4730241601277
Mali,MLI,Africa,2011,29.5,31.0,3.75423002243042,39.9008598327637
Mauritius,MUS,Africa,2011,88.9,89.0,3.33207011222839,88.7222900390625
Mexico,MEX,America,2011,77.3,94.0,4.90405988693237,88.3800888061523
Montenegro,MNE,Europe,2011,90.2,98.0,,93.1708908081055
Morocco,MAR,Africa,2011,80.2,67.0,,66.2594909667969
Namibia,NAM,Africa,2011,50.3,88.0,8.0213794708252,
Nepal,NPL,Asia/Pacific,2011,44.1,60.0,3.84261989593506,59.7313995361328
Pakistan,PAK,Asia/Pacific,2011,57.5,55.0,2.00100994110107,30.3576824820896
Palestine,PSE,Asia/Pacific,2011,88.7,95.0,5.33527994155884,87.6216812133789
Senegal,SEN,Africa,2011,49.5,52.0,4.90302991867065,42.3821296691895
Serbia,SRB,Europe,2011,90.0,98.0,4.2383599281311,94.6896667480469
South Africa,ZAF,Africa,2011,69.5,93.0,5.28898000717163,88.2877883911133
Togo,TGO,Africa,2011,34.8,60.0,3.07750010490417,53.6932907104492
Tunisia,TUN,Africa,2011,82.7,80.0,,87.7685089111328
Turkey,TUR,Asia/Pacific,2011,84.6,94.0,4.221519947052,87.80322265625
Uruguay,URY,America,2011,89.7,98.0,4.14937019348145,101.560180664062
Venezuela,VEN,America,2011,87.3,95.0,,82.2678070068359
Zimbabwe,ZWE,Africa,2011,39.6,83.5827102661133,,
Albania,ALB,Europe,2012,85.5,97.0,3.30906105041504,97.6080703735352
Azerbaijan,AZE,Europe,2012,72.1,100.0,2.06763005256653,82.762274922741
Bangladesh,BGD,Asia/Pacific,2012,38.5,58.0,2.04667067527771,53.6534004211426
Benin,BEN,Africa,2012,36.7,32.9488182067871,3.56202006340027,
Bhutan,BTN,Asia/Pacific,2012,57.2,55.0,,71.9950332641602
Brazil,BRA,America,2012,89.3,91.0,5.85510015487671,94.3209762573242
Cape Verde,CPV,Africa,2012,76.4,85.0,5.39769554138184,86.7075271606445
Comoros,COM,Africa,2012,46.5,49.1961402893066,2.74783992767334,
Congo Democratic Republic,COD,Africa,2012,19.3,75.0,,40.0562782287598
Cote d'Ivoire,CIV,Africa,2012,44.1,40.9816284179688,3.4344699382782,
Dominican Republic,DOM,America,2012,75.7,90.0,,77.9861068725586
Ecuador,ECU,America,2012,75.6,92.0,4.65310001373291,98.554801940918
Egypt,EGY,Africa,2012,84.1,74.0,3.36830472946167,74.484260559082
Gabon,GAB,Africa,2012,64.2,82.2837982177734,3.01340007781982,
Guatemala,GTM,America,2012,65.7,78.0,3.00524997711182,53.3110084533691
Honduras,HND,America,2012,65.1,85.0,6.29972791671753,64.1757583618164
Iraq,IRQ,Asia/Pacific,2012,86.4,77.0,,
Jordan,JOR,Asia/Pacific,2012,93.4,98.0,,87.2317581176758
Kuwait,KWT,Asia/Pacific,2012,94.6,96.0,,95.3978424072266
Madagascar,MDG,Africa,2012,24.9,72.0,2.46357321739197,36.904154873223
Mauritius,MUS,Africa,2012,88.9,92.0,3.41820001602173,92.1094436645508
Mexico,MEX,America,2012,77.6,94.0,4.88348007202148,90.6936187744141
Morocco,MAR,Africa,2012,82.1,69.0,5.55294847488403,68.9832611083984
Niger,NER,Africa,2012,19.9,31.0,3.1868200302124,14.6892900466919
North Macedonia,MKD,Europe,2012,90.0,97.5999984741211,,85.8300170898438
Pakistan,PAK,Asia/Pacific,2012,58.8,57.0,1.97879004478455,31.2602005004883
Palestine,PSE,Asia/Pacific,2012,87.6,96.0,4.74210977554321,87.0877532958984
Paraguay,PRY,America,2012,78.6,94.0,3.668790102005,82.5331420898438
Peru,PER,America,2012,64.2,94.0,2.92276000976562,95.9883804321289
Rwanda,RWA,Africa,2012,22.7,68.0,4.42103004455566,39.662769317627
Sao Tome & Principe,STP,Africa,2012,48.0,90.0,6.92846012115479,56.1721000671387
South Africa,ZAF,Africa,2012,69.9,94.0,5.52323007583618,92.5222702026367
Suriname,SUR,America,2012,81.9,93.0,,71.4789581298828
Tanzania,TZA,Africa,2012,25.4,78.0,4.22964286804199,
Tunisia,TUN,Africa,2012,83.0,80.0,5.95086002349854,
Turkey,TUR,Asia/Pacific,2012,86.1,95.0,4.38721990585327,85.0204315185547
Uganda,UGA,Africa,2012,27.1,70.0,1.79746997356415,25.3786694210768
Ukraine,UKR,Europe,2012,81.2,99.9743499755859,6.44269990921021,99.4775466918945
Uruguay,URY,America,2012,90.5,98.0,4.09353351593018,102.977226257324
Azerbaijan,AZE,Europe,2013,73.1,100.0,2.44213008880615,83.1376553563209
Bangladesh,BGD,Asia/Pacific,2013,39.1,61.0,1.96616005897522,57.9590161381221
Bosnia and Herzegovina,BIH,Europe,2013,93.3,97.0,,84.7301177978516
Botswana,BWA,Africa,2013,59.1,86.8231811523438,8.0172061920166,
Brazil,BRA,America,2013,90.8,91.0,5.8388500213623,103.917678833008
Dominican Republic,DOM,America,2013,76.8,91.0,3.62818145751953,79.171501159668
Ecuador,ECU,America,2013,76.5,93.0,4.92997980117798,100.659210205078
Egypt,EGY,Africa,2013,84.5,72.0,4.12252616882324,75.8195037841797
El Salvador,SLV,America,2013,68.5,87.0,3.80149006843567,73.2414321899414
Gambia,GMB,Africa,2013,50.7,41.9500503540039,1.81839001178741,
Guatemala,GTM,America,2013,65.4,77.0,2.88808989524841,53.4995193481445
Honduras,HND,America,2013,66.2,85.0,5.87492990493774,61.5013999938965
Kuwait,KWT,Asia/Pacific,2013,94.6,96.0,,92.5727386474609
Mauritania,MRT,Africa,2013,37.1,62.0,2.29354000091553,30.1454391479492
Mauritius,MUS,Africa,2013,88.9,91.0,3.56775999069214,93.7982864379883
Mexico,MEX,America,2013,77.8,94.0,4.50858020782471,93.2623062133789
Pakistan,PAK,Asia/Pacific,2013,59.7,56.0,2.23698997497559,32.1165109008871
Palestine,PSE,Asia/Pacific,2013,86.5,96.0,4.89467000961304,86.5922012329102
Paraguay,PRY,America,2013,80.5,95.0,2.67871189117432,75.3813469133564
Philippines,PHL,Asia/Pacific,2013,67.6,96.0,,
Saudi Arabia,SAU,Asia/Pacific,2013,86.4,94.0,,92.8935165405273
Senegal,SEN,Africa,2013,52.6,44.0,5.68656015396118,48.8453712463379
Sierra Leone,SLE,Africa,2013,25.5,32.4261703491211,2.3798131942749,37.9642715454102
Thailand,THA,Asia/Pacific,2013,84.7,94.0,3.82439851760864,84.6712265014648
Turkey,TUR,Asia/Pacific,2013,87.7,95.0,4.34481000900269,102.209701538086
Uruguay,URY,America,2013,89.8,98.0,4.23892021179199,104.664520263672
Angola,AGO,Africa,2014,38.0,66.0,2.9300000667572,
Azerbaijan,AZE,Europe,2014,74.2,100.0,2.63303995132446,83.4386600193183
Bangladesh,BGD,Asia/Pacific,2014,39.8,61.0,2.09871673583984,
Burkina Faso,BFA,Africa,2014,34.9,35.0,4.05329990386963,29.732629776001
Burundi,BDI,Africa,2014,19.9,62.0,7.51637983322144,41.4826889038086
Cambodia,KHM,Asia/Pacific,2014,52.3,78.0,1.56673634052277,
Colombia,COL,America,2014,81.5,94.0,,97.3632888793945
Cote d'Ivoire,CIV,Africa,2014,45.9,44.0,3.31416988372803,38.4756011962891
Dominican Republic,DOM,America,2014,77.1,92.0,3.62243437767029,80.1145401000977
Ecuador,ECU,America,2014,77.3,94.0,5.21020984649658,102.590339660645
Georgia,GEO,Asia/Pacific,2014,78.5,100.0,2.99768662452698,105.019508361816
Guatemala,GTM,America,2014,65.1,81.0,2.98562002182007,53.089958190918
Guinea,GIN,Africa,2014,37.2,32.0,2.42281007766724,38.9089202880859
Guinea Bissau,GNB,Africa,2014,33.2,45.5811614990234,,
Guyana,GUY,America,2014,78.3,85.6397323608398,4.36033010482788,
Honduras,HND,America,2014,67.2,87.0,7.0901198387146,49.1755714416504
Indonesia,IDN,Asia/Pacific,2014,67.8,95.0,3.28800988197327,84.6881516846731
Iraq,IRQ,Asia/Pacific,2014,86.4,82.0,,
Kenya,KEN,Africa,2014,39.2,78.733039855957,4.7172999382019,
Lesotho,LSO,Africa,2014,39.4,76.6352005004883,7.19999980926514,57.1081876194883
Malawi,MWI,Africa,2014,23.8,65.1453704833984,3.66006016731262,40.0774307250977
Maldives,MDV,Asia/Pacific,2014,83.7,99.0,3.88979530334473,
Mauritius,MUS,Africa,2014,88.9,92.0,4.81514978408813,97.0753479003906
Mexico,MEX,America,2014,78.1,95.0,5.06808996200562,97.3196868896484
Moldova,MDA,Europe,2014,71.7,99.0,6.33806991577148,104.383476257324
Morocco,MAR,Africa,2014,86.0,76.0,5.48276042938232,
Pakistan,PAK,Asia/Pacific,2014,60.5,57.0,2.2043399810791,33.214222759511
Palestine,PSE,Asia/Pacific,2014,85.4,96.0,,86.3153991699219
Paraguay,PRY,America,2014,82.3,95.0,2.59655904769897,
Peru,PER,America,2014,66.0,94.0,3.69599008560181,99.2948989868164
Rwanda,RWA,Africa,2014,23.7,71.0,4.19644021987915,41.8218688964844
South Africa,ZAF,Africa,2014,70.7,94.0,5.48977994918823,105.673553466797
Tunisia,TUN,Africa,2014,83.6,79.0,,85.8415222167969
Turkey,TUR,Asia/Pacific,2014,87.9,95.0,4.41258001327515,105.97550201416
Uruguay,URY,America,2014,89.1,98.0,4.26735019683838,106.469367980957
Vanuatu,VUT,Asia/Pacific,2014,43.9,84.6999969482422,5.18195009231567,
Zimbabwe,ZWE,Africa,2014,43.5,88.6934204101562,6.13835000991821,
Afghanistan,AFG,Asia/Pacific,2015,51.0,33.7538414001465,3.2558000087738,53.2851409912109
Angola,AGO,Africa,2015,39.4,66.2358627319336,3.09999990463257,
Azerbaijan,AZE,Europe,2015,75.2,100.0,2.95167994499207,84.8098586425184
Bangladesh,BGD,Asia/Pacific,2015,41.7,65.0,1.87225413322449,62.0312309265137
Cambodia,KHM,Asia/Pacific,2015,54.2,81.0,1.7034615278244,
Cape Verde,CPV,Africa,2015,76.4,87.0,4.80622005462646,87.5373077392578
Chad,TCD,Africa,2015,18.8,26.0029907226562,2.3428316116333,23.0286598205566
Colombia,COL,America,2015,82.7,94.0,,97.6741180419922
Dominican Republic,DOM,America,2015,77.5,92.0,3.6040027141571,79.9378890991211
El Salvador,SLV,America,2015,70.0,88.0,3.90987992286682,70.6981887817383
Gambia,GMB,Africa,2015,54.6,51.0,2.19235181808472,
Guatemala,GTM,America,2015,64.7,80.1950912475586,3.03032994270325,54.9180488586426
Honduras,HND,America,2015,68.3,88.0,6.41297006607056,50.0197715759277
Indonesia,IDN,Asia/Pacific,2015,69.1,95.0,3.58360004425049,88.7822877060453
Kuwait,KWT,Asia/Pacific,2015,94.6,96.0,,95.2544174194336
Lao,LAO,Asia/Pacific,2015,67.5,85.0,2.73689794540405,62.4192450718287
Malawi,MWI,Africa,2015,25.0,62.1435394287109,3.44449663162231,40.2343711853027
Mali,MLI,Africa,2015,36.2,33.0,3.80152010917664,40.1157302856445
Mauritania,MRT,Africa,2015,40.3,65.1120223999023,2.82956600189209,31.0638809204102
Mauritius,MUS,Africa,2015,88.9,93.0,4.75847005844116,93.9682006835938
Mexico,MEX,America,2015,78.3,94.0,5.05087995529175,100.982269287109
Mozambique,MOZ,Africa,2015,26.2,56.0,6.01083421707153,34.7621917724609
Nicaragua,NIC,America,2015,55.6,82.6145477294922,4.07843017578125,
Palestine,PSE,Asia/Pacific,2015,85.8,96.0,4.66321992874146,86.9270935058594
Paraguay,PRY,America,2015,84.1,96.0,3.33377814292908,
Peru,PER,America,2015,66.9,94.0,3.96933007240295,99.5942687988281
Philippines,PHL,Asia/Pacific,2015,68.1,98.0,2.8305230140686,86.6409470884308
Senegal,SEN,Africa,2015,53.2,43.5927314758301,5.45637989044189,51.2827301025391
South Africa,ZAF,Africa,2015,71.1,94.0,5.48285007476807,110.168930053711
Tanzania,TZA,Africa,2015,30.1,78.0,4.19486570358276,27.2394905090332
Thailand,THA,Asia/Pacific,2015,85.4,93.0,3.86397624015808,126.035987854004
Togo,TGO,Africa,2015,39.0,64.0,3.71097993850708,
Turkey,TUR,Asia/Pacific,2015,88.1,96.0,4.30550003051758,107.243186950684
Uruguay,URY,America,2015,88.4,99.0,4.20636987686157,108.043296813965
Venezuela,VEN,America,2015,92.7,97.0,,89.0915222167969
Armenia,ARM,Asia/Pacific,2016,86.2,100.0,2.75812005996704,
Azerbaijan,AZE,Europe,2016,76.2,100.0,2.90340995788574,74.922503925884
Bangladesh,BGD,Asia/Pacific,2016,43.6,73.0,2.22119998931885,66.9232483057473
Burundi,BDI,Africa,2016,21.1,65.6877365112305,4.96585083007812,48.9952812194824
Chad,TCD,Africa,2016,19.5,22.0,2.38847589492798,23.3515090942383
Colombia,COL,America,2016,84.0,95.0,,98.4156265258789
Congo Democratic Republic,COD,Africa,2016,23.5,77.0,2.1186900138855,
Cote d'Ivoire,CIV,Africa,2016,47.6,50.039680480957,3.93593001365662,43.8949584960938
Dominican Republic,DOM,America,2016,77.9,94.0,3.85049557685852,80.0944671630859
El Salvador,SLV,America,2016,70.7,88.0,3.82523989677429,69.1290283203125
Ethiopia,ETH,Africa,2016,20.4,47.4915885925293,5.06151390075684,
Haiti,HTI,America,2016,37.6,61.691349029541,1.38776004314423,
Honduras,HND,America,2016,69.3,89.0,6.09509515762329,50.6989898681641
Indonesia,IDN,Asia/Pacific,2016,70.5,95.0,1.21023452281952,88.5644920884794
Iraq,IRQ,Asia/Pacific,2016,86.4,83.0,,
Maldives,MDV,Asia/Pacific,2016,85.1,98.0,4.43873596191406,
Mauritius,MUS,Africa,2016,88.9,93.0,4.88207006454468,94.4362487792969
Mexico,MEX,America,2016,84.2,95.0,4.75795984268188,102.871368408203
Myanmar,MMR,Asia/Pacific,2016,48.4,75.5512008666992,2.15808844566345,67.0034103393555
Nepal,NPL,Asia/Pacific,2016,51.8,65.5010070800781,3.47711229324341,71.8179016113281
Nigeria,NGA,Africa,2016,43.1,58.2213401794434,0.393045634031296,40.9102096557617
Palestine,PSE,Asia/Pacific,2016,86.2,97.0,4.98296022415161,87.1568832397461
Senegal,SEN,Africa,2016,53.2,46.0996398925781,5.11309003829956,
Serbia,SRB,Europe,2016,91.2,99.0,3.63470005989075,96.4994888305664
South Africa,ZAF,Africa,2016,71.5,91.7372436523438,5.4442400932312,109.774078369141
Thailand,THA,Asia/Pacific,2016,85.8,91.9813995361328,3.76761746406555,124.44612121582
Timor Leste,TLS,Asia/Pacific,2016,48.7,65.7791290283203,6.0120096206665,77.5467614778173
Turkey,TUR,Asia/Pacific,2016,88.3,96.0,4.62773990631104,108.547561645508
Uganda,UGA,Africa,2016,28.8,69.101318359375,2.13789010047913,26.3273289386407
Uruguay,URY,America,2016,87.7,99.0,4.36420011520386,112.032577514648
Venezuela,VEN,America,2016,94.0,97.0,,85.3960266113281
Albania,ALB,Europe,2017,86.1,98.8162307739258,3.61172008514404,97.5743713378906
Armenia,ARM,Asia/Pacific,2017,86.9,100.0,2.70759010314941,
Azerbaijan,AZE,Europe,2017,77.2,100.0,2.47381997108459,77.4080343707927
Bangladesh,BGD,Asia/Pacific,2017,45.5,73.0,1.85040032863617,64.8559520731683
Benin,BEN,Africa,2017,36.4,38.871208190918,3.53558993339539,
Burundi,BDI,Africa,2017,21.7,68.0,5.00918865203857,49.8075103759766
Egypt,EGY,Africa,2017,85.9,71.0,,79.361198425293
El Salvador,SLV,America,2017,71.5,88.0,3.7252299785614,66.9067306518555
Ethiopia,ETH,Africa,2017,21.5,51.7711791992188,5.49905061721802,
Georgia,GEO,Asia/Pacific,2017,82.1,99.0,3.52442002296448,109.0791015625
Ghana,GHA,Africa,2017,51.2,64.4923934936523,3.18611741065979,66.3819198608398
Haiti,HTI,America,2017,38.7,68.0098571777344,1.49846994876862,
Iraq,IRQ,Asia/Pacific,2017,86.4,86.0,,
Kuwait,KWT,Asia/Pacific,2017,94.6,96.0,6.35444211959839,
Liberia,LBR,Africa,2017,31.0,48.3013610839844,2.24632501602173,
Maldives,MDV,Asia/Pacific,2017,85.8,94.5055084228516,3.8226854801178,
Mexico,MEX,America,2017,89.4,95.0,4.39752006530762,105.11018371582
Mozambique,MOZ,Africa,2017,27.7,61.0,5.48664999008179,37.0113792419434
Pakistan,PAK,Asia/Pacific,2017,63.1,59.0,2.13665676116943,35.8526761779574
Palestine,PSE,Asia/Pacific,2017,86.6,97.0,4.72153997421265,88.2223892211914
Papua New Guinea,PNG,Asia/Pacific,2017,28.2,70.0636825561523,1.96493005752563,
Senegal,SEN,Africa,2017,57.9,52.0,4.74007987976074,
Sierra Leone,SLE,Africa,2017,30.5,44.833179473877,4.66086006164551,40.0794486999512
South Africa,ZAF,Africa,2017,71.9,87.0,5.59867000579834,111.627403259277
Turkey,TUR,Asia/Pacific,2017,88.5,96.0,4.32368993759155,112.977333068848
Algeria,DZA,Africa,2018,86.2,81.4078369140625,5.81275129318237,
Bangladesh,BGD,Asia/Pacific,2018,47.3,74.0,1.65589129924774,67.4213697322793
Burkina Faso,BFA,Africa,2018,40.6,39.0,5.488609790802,39.8208885192871
Cameroon,CMR,Africa,2018,45.2,72.5471267700195,3.03096008300781,46.4729476206602
Central African Republic CAR,CAF,Africa,2018,16.8,37.0,1.56587600708008,
Colombia,COL,America,2018,86.6,95.0,,100.373336791992
Congo Democratic Republic,COD,Africa,2018,25.3,73.5530319213867,,
Gambia,GMB,Africa,2018,60.5,53.1601982116699,2.36544394493103,
Georgia,GEO,Asia/Pacific,2018,83.3,99.6536636352539,3.46094989776611,111.162422180176
Guatemala,GTM,America,2018,63.7,81.0,3.13193988800049,54.1130104064941
Guinea,GIN,Africa,2018,40.3,40.0,2.38432002067566,37.6615683388653
Honduras,HND,America,2018,71.4,87.0,6.05646991729736,
Indonesia,IDN,Asia/Pacific,2018,73.1,96.0,0.99443644285202,93.4309363897896
Jordan,JOR,Asia/Pacific,2018,92.2,95.4314498901367,2.95461988449097,89.7929077148438
Kiribati,KIR,Asia/Pacific,2018,43.3,97.9597091674805,15.3769998550415,
Kuwait,KWT,Asia/Pacific,2018,94.6,96.0,6.39165258407593,
Lesotho,LSO,Africa,2018,45.4,86.2408676147461,7.40291881561279,
Madagascar,MDG,Africa,2018,28.6,77.0,3.04906916618347,35.9789156556509
Mali,MLI,Africa,2018,40.6,35.0,3.55817008018494,38.9281616210938
Mexico,MEX,America,2018,94.7,95.0,4.13945007324219,105.964653015137
Mongolia,MNG,Asia/Pacific,2018,68.7,96.8963470458984,3.99742722511292,91.1449660838225
Montenegro,MNE,Europe,2018,92.2,98.5344009399414,,91.4442672729492
Nigeria,NGA,Africa,2018,44.3,62.0160102844238,0.419998496770859,42.1684494018555
Pakistan,PAK,Asia/Pacific,2018,64.0,57.0,2.33216953277588,37.7495130334641
Palestine,PSE,Asia/Pacific,2018,87.0,97.0,,88.1210632324219
Rwanda,RWA,Africa,2018,28.8,73.0,3.07375001907349,41.1796913146973
Senegal,SEN,Africa,2018,61.1,46.6059112548828,5.11019992828369,
Thailand,THA,Asia/Pacific,2018,86.5,94.0,3.19769406318665,109.732723814478
Tunisia,TUN,Africa,2018,84.7,79.4751129150391,,
Zambia,ZMB,Africa,2018,36.2,71.1323013305664,4.73974990844727,
Azerbaijan,AZE,Europe,2019,79.2,100.0,3.1764600276947,107.899871826172
Bangladesh,BGD,Asia/Pacific,2019,49.2,75.0,1.68138802051544,67.2209189141778
Belarus,BLR,Europe,2019,86.7,100.0,4.97948980331421,94.9205322265625
Burkina Faso,BFA,Africa,2019,42.0,30.0,5.40713691711426,40.2732582092285
Central African Republic CAR,CAF,Africa,2019,16.8,42.4427909851074,1.76792073249817,
Chad,TCD,Africa,2019,21.7,30.6279201507568,2.37245798110962,20.9835300445557
Cote d'Ivoire,CIV,Africa,2019,50.3,90.0,3.4130699634552,52.2111511230469
Cuba,CUB,America,2019,76.9,97.6549072265625,9.04696941375732,101.089462280273
Guinea Bissau,GNB,Africa,2019,36.2,54.8823204040527,,
Honduras,HND,America,2019,72.5,89.0,5.93245983123779,64.1083908081055
Kyrgyzstan,KGZ,Asia/Pacific,2019,82.1,99.5999984741211,6.07318115234375,92.7374435322778
Maldives,MDV,Asia/Pacific,2019,87.2,98.2118606567383,4.12356948852539,70.7690811157227
Myanmar,MMR,Asia/Pacific,2019,48.6,89.0,1.99976003170013,
Nepal,NPL,Asia/Pacific,2019,57.4,68.7125015258789,3.48568081855774,79.3168182373047
Pakistan,PAK,Asia/Pacific,2019,64.8,58.0,2.21491765975952,39.6166540049859
Palestine,PSE,Asia/Pacific,2019,87.4,97.0,,88.8878326416016
Philippines,PHL,Asia/Pacific,2019,68.3,96.0,3.40748643875122,87.5707840643522
Samoa,WSM,Asia/Pacific,2019,83.0,97.9902572631836,4.39581727981567,
Sao Tome & Principe,STP,Africa,2019,57.1,87.4384613037109,5.89931058883667,78.3800561981311
Senegal,SEN,Africa,2019,60.3,46.8336715698242,5.03527021408081,45.9415283203125
Serbia,SRB,Europe,2019,91.3,99.0,3.61647009849548,94.5711975097656
Sierra Leone,SLE,Africa,2019,31.4,43.5777816772461,7.44701194763184,58.9547309875488
South Africa,ZAF,Africa,2019,72.7,95.0,5.91158008575439,111.206802368164
Thailand,THA,Asia/Pacific,2019,87.0,91.2691497802734,3.02221417427063,109.378743181915
Togo,TGO,Africa,2019,42.4,67.0,4.20166826248169,
Tonga,TON,Asia/Pacific,2019,81.9,91.0516204833984,5.27322959899902,96.0933090863485
Tunisia,TUN,Africa,2019,85.0,81.0,6.1737322807312,
Turkey,TUR,Asia/Pacific,2019,88.8,97.0,4.44776010513306,111.910400390625
Vietnam,VNM,Asia/Pacific,2019,78.7,96.0,3.08499836921692,93.1537784411482
Zimbabwe,ZWE,Africa,2019,44.1,93.2275466918945,,
Bangladesh,BGD,Asia/Pacific,2020,50.5,75.0,1.76528060436249,69.0135708627668
Cameroon,CMR,Africa,2020,46.9,78.2300033569336,3.10390138626099,45.259028706221
Central African Republic CAR,CAF,Africa,2020,16.7,37.4900016784668,2.14468050003052,
Eswatini,SWZ,Africa,2020,60.1,89.2799987792969,5.36010456085205,
Ghana,GHA,Africa,2020,51.9,80.379997253418,3.40915989875793,73.2740478515625
Guyana,GUY,America,2020,76.7,85.6383514404297,,85.2426528930664
Indonesia,IDN,Asia/Pacific,2020,75.8,96.0,1.01593220233917,98.0443013603661
Malawi,MWI,Africa,2020,27.8,70.1522674560547,,
Mali,MLI,Africa,2020,43.5,31.0,3.95445990562439,
Mauritania,MRT,Africa,2020,45.1,59.5296592712402,1.802649974823,35.8889999389648
Mongolia,MNG,Asia/Pacific,2020,71.3,99.0,4.66345500946045,95.9892657742893
Mozambique,MOZ,Africa,2020,29.8,60.0,6.64256286621094,41.2977552767328
Palestine,PSE,Asia/Pacific,2020,87.8,98.0,,89.0763092041016
Philippines,PHL,Asia/Pacific,2020,68.1,98.0,3.85829043388367,89.2450874983032
Rwanda,RWA,Africa,2020,31.8,80.0508575439453,3.33394289016724,
Zambia,ZMB,Africa,2020,36.6,87.5,3.94964814186096,
Bangladesh,BGD,Asia/Pacific,2021,51.7,76.0,1.83117997646332,70.2933328560227
Benin,BEN,Africa,2021,39.3,43.834171295166,3.20348429679871,46.0770416259766
Burkina Faso,BFA,Africa,2021,44.9,36.9673805236816,5.22401523590088,38.2898712158203
Cambodia,KHM,Asia/Pacific,2021,65.5,71.9272537231445,3.01162648200989,57.9598846864777
Costa Rica,CRI,America,2021,91.2,98.0400009155273,6.24841976165771,141.202713012695
Cote d'Ivoire,CIV,Africa,2021,52.0,50.0006408691406,3.32718992233276,57.2815093994141
Cuba,CUB,America,2021,76.9,99.6731109619141,9.38586235046387,99.6352233886719
Gabon,GAB,Africa,2021,68.7,88.8583374023438,2.70079278945923,71.4352105480219
Gambia,GMB,Africa,2021,64.8,51.6374015808105,3.04477691650391,101.391246171605
Guinea,GIN,Africa,2021,42.6,45.3300018310547,2.04074811935425,35.9549392998814
Madagascar,MDG,Africa,2021,28.6,74.6861419677734,3.19807553291321,35.1450665804339
Mauritania,MRT,Africa,2021,46.0,66.9599990844727,1.891970038414,
Montenegro,MNE,Europe,2021,92.9,98.9800033569336,,93.1638412475586
Nepal,NPL,Asia/Pacific,2021,59.4,71.1500015258789,3.95612215995789,83.5162189990173
Nigeria,NGA,Africa,2021,46.0,63.1555404663086,0.381919115781784,47.2372283935547
Samoa,WSM,Asia/Pacific,2021,83.0,99.0999984741211,5.2044882774353,
Suriname,SUR,America,2021,86.2,95.0,4.13154983520508,65.6098480224609
Thailand,THA,Asia/Pacific,2021,87.4,94.0999984741211,2.98212432861328,102.941030468274
Tonga,TON,Asia/Pacific,2021,81.9,99.4000015258789,4.92703914642334,100.286051862446
Vanuatu,VUT,Asia/Pacific,2021,48.0,89.0999984741211,10.1102409362793,57.8640899658203
Benin,BEN,Africa,2022,40.3,47.0999984741211,3.37785911560059,45.3651695251465
Burkina Faso,BFA,Africa,2022,46.3,34.4900016784668,5.27651214599609,33.724910736084
Cambodia,KHM,Asia/Pacific,2022,67.4,83.7799987792969,2.88349270820618,58.7424032681922
Chad,TCD,Africa,2022,23.8,27.2800006866455,2.53867292404175,
Comoros,COM,Africa,2022,59.9,61.7099990844727,2.43164420127869,
Dominican Republic,DOM,America,2022,80.1,95.5,3.94027137756348,76.5283203125
Eswatini,SWZ,Africa,2022,61.6,90.7470169067383,5.69260597229004,
Gabon,GAB,Africa,2022,69.2,85.6900024414062,2.20773649215698,
Gambia,GMB,Africa,2022,66.2,58.6699981689453,2.74282312393188,
Guinea Bissau,GNB,Africa,2022,38.0,53.9000015258789,,
Guyana,GUY,America,2022,76.2,90.0299987792969,,
India,IND,Asia/Pacific,2022,68.8,76.0,4.12072849273682,81.1778611796872
Kenya,KEN,Africa,2022,47.0,82.879997253418,4.51101779937744,
Lesotho,LSO,Africa,2022,48.3,82.0100021362305,6.43347549438477,
Madagascar,MDG,Africa,2022,28.6,77.4800033569336,3.13901996612549,
Malawi,MWI,Africa,2022,28.6,68.0800018310547,,
Palestine,PSE,Asia/Pacific,2022,88.5,98.0,,89.6303024291992
Rwanda,RWA,Africa,2022,34.9,79.0,4.74623012542725,44.1547088623047
Sao Tome & Principe,STP,Africa,2022,60.5,93.75,5.15598058700562,
Senegal,SEN,Africa,2022,62.5,57.6699981689453,5.98753976821899,46.9506912231445
Sierra Leone,SLE,Africa,2022,32.7,48.6399993896484,8.5391845703125,
Tanzania,TZA,Africa,2022,38.6,82.0199966430664,3.23824501037598,
Thailand,THA,Asia/Pacific,2022,87.6,91.0998687744141,2.61187028884888,101.874933807375
Vietnam,VNM,Asia/Pacific,2022,81.5,96.0,2.88738679885864,97.2494761123623
Zimbabwe,ZWE,Africa,2022,43.7,89.8499984741211,,
Azerbaijan,AZE,Europe,2023,83.3,100.0,3.58290028572083,92.7589111328125
Jordan,JOR,Asia/Pacific,2023,90.8,95.0,,91.9696807861328
